keyword,searched_at
sql,2024-11-24 02:00:00
kubernetes,2024-08-26 21:00:00
policy,2024-03-06 17:00:00
backup,2025-01-28 04:00:00
insurance,2024-09-14 01:00:00
docker,2024-09-22 04:00:00
aws,2024-03-25 05:00:00
sql,2024-12-29 07:00:00
policy,2024-09-22 09:00:00
leave,2024-05-08 06:00:00
tax,2024-03-05 20:00:00
aws,2024-11-10 17:00:00
leave,2024-09-14 20:00:00
backup,2024-10-30 18:00:00
react,2024-03-28 21:00:00
sql,2024-10-15 01:00:00
python,2024-02-11 01:00:00
tax,2024-11-29 06:00:00
insurance,2024-11-12 20:00:00
python,2024-09-11 20:00:00
aws,2024-11-24 09:00:00
linux,2024-05-05 21:00:00
review,2024-06-01 14:00:00
leave,2024-12-18 01:00:00
backup,2024-08-13 13:00:00
linux,2024-08-25 06:00:00
sql,2024-11-06 04:00:00
sql,2025-01-02 10:00:00
policy,2024-07-23 04:00:00
policy,2024-09-20 17:00:00
docker,2024-06-12 07:00:00
kubernetes,2024-03-03 08:00:00
kubernetes,2024-05-06 04:00:00
docker,2024-01-26 09:00:00
review,2024-11-11 13:00:00
onboarding,2024-03-22 10:00:00
sql,2024-04-07 05:00:00
linux,2024-09-20 14:00:00
linux,2024-06-06 15:00:00
python,2024-02-16 12:00:00
kubernetes,2024-05-03 06:00:00
policy,2024-01-25 01:00:00
aws,2024-09-10 19:00:00
linux,2024-05-26 17:00:00
python,2024-02-25 13:00:00
react,2024-05-15 23:00:00
policy,2025-01-26 12:00:00
policy,2024-01-24 12:00:00
vpn,2024-10-18 17:00:00
security,2024-07-04 17:00:00
aws,2024-02-07 12:00:00
kubernetes,2025-01-26 17:00:00
tax,2024-11-15 21:00:00
docker,2024-03-06 03:00:00
review,2024-07-10 10:00:00
policy,2025-01-21 04:00:00
security,2024-11-04 16:00:00
review,2024-09-13 01:00:00
vpn,2024-01-20 04:00:00
sql,2024-08-30 16:00:00
kubernetes,2024-03-17 19:00:00
react,2024-06-16 19:00:00
sql,2024-03-24 12:00:00
aws,2024-10-30 10:00:00
linux,2024-12-28 18:00:00
aws,2024-08-31 00:00:00
policy,2024-06-18 21:00:00
docker,2024-08-01 18:00:00
aws,2025-01-06 22:00:00
python,2024-11-01 15:00:00
tax,2024-12-01 18:00:00
onboarding,2025-01-04 01:00:00
linux,2024-03-28 16:00:00
review,2024-03-16 21:00:00
onboarding,2024-01-17 18:00:00
docker,2024-04-07 00:00:00
kubernetes,2024-06-09 13:00:00
react,2024-07-30 22:00:00
security,2024-07-29 16:00:00
linux,2025-01-11 23:00:00
vpn,2024-12-27 04:00:00
security,2024-10-14 10:00:00
linux,2024-09-26 12:00:00
sql,2024-03-29 14:00:00
sql,2024-10-06 11:00:00
tax,2024-11-08 15:00:00
security,2024-05-06 08:00:00
aws,2024-04-25 09:00:00
aws,2024-12-26 06:00:00
linux,2024-06-11 15:00:00
policy,2024-10-13 23:00:00
tax,2024-05-27 03:00:00
review,2024-07-21 11:00:00
react,2024-05-28 01:00:00
aws,2024-12-31 02:00:00
policy,2024-08-14 20:00:00
tax,2025-01-17 15:00:00
security,2024-04-13 17:00:00
tax,2024-10-14 22:00:00
tax,2024-03-11 03:00:00
onboarding,2024-05-04 01:00:00
onboarding,2024-11-22 07:00:00
vpn,2024-02-21 13:00:00
sql,2025-01-02 15:00:00
docker,2024-12-14 04:00:00
python,2024-10-08 05:00:00
insurance,2024-11-30 15:00:00
linux,2024-11-29 06:00:00
aws,2024-06-13 09:00:00
vpn,2025-01-28 02:00:00
onboarding,2024-09-30 23:00:00
vpn,2024-03-30 13:00:00
backup,2024-01-19 12:00:00
linux,2024-04-05 23:00:00
aws,2024-01-20 00:00:00
aws,2024-10-17 19:00:00
docker,2024-06-20 09:00:00
kubernetes,2024-11-24 17:00:00
linux,2024-03-09 16:00:00
kubernetes,2024-05-19 06:00:00
docker,2024-06-18 05:00:00
kubernetes,2024-11-27 08:00:00
backup,2024-01-08 23:00:00
sql,2024-05-31 18:00:00
security,2024-03-30 19:00:00
review,2024-08-06 16:00:00
sql,2024-02-14 12:00:00
docker,2024-04-04 04:00:00
linux,2024-06-14 07:00:00
python,2024-05-13 12:00:00
onboarding,2024-08-16 08:00:00
sql,2024-06-03 18:00:00
python,2024-05-13 20:00:00
policy,2024-12-20 07:00:00
vpn,2024-12-07 03:00:00
kubernetes,2024-06-06 05:00:00
review,2024-12-17 16:00:00
aws,2024-12-19 03:00:00
aws,2024-07-07 19:00:00
onboarding,2024-04-22 04:00:00
linux,2024-03-19 14:00:00
policy,2024-07-31 22:00:00
linux,2025-01-22 17:00:00
security,2025-01-25 07:00:00
leave,2024-09-26 14:00:00
policy,2024-02-09 18:00:00
docker,2024-02-01 17:00:00
security,2024-10-20 17:00:00
react,2024-03-25 10:00:00
kubernetes,2024-02-29 21:00:00
security,2025-01-02 18:00:00
linux,2024-02-16 16:00:00
kubernetes,2024-01-29 14:00:00
react,2024-09-19 13:00:00
kubernetes,2024-10-15 01:00:00
kubernetes,2024-12-10 09:00:00
python,2024-07-21 08:00:00
python,2025-01-16 06:00:00
leave,2024-01-24 13:00:00
policy,2024-12-24 02:00:00
vpn,2024-02-05 15:00:00
vpn,2024-05-26 13:00:00
backup,2025-01-28 04:00:00
insurance,2024-07-10 12:00:00
kubernetes,2024-07-12 12:00:00
leave,2024-12-15 21:00:00
react,2024-11-30 11:00:00
docker,2024-04-01 17:00:00
review,2024-09-27 04:00:00
onboarding,2024-01-02 00:00:00
aws,2024-08-25 21:00:00
insurance,2024-09-29 12:00:00
onboarding,2024-05-06 14:00:00
policy,2024-03-20 08:00:00
security,2025-01-06 03:00:00
vpn,2024-12-04 13:00:00
python,2024-05-03 06:00:00
leave,2024-02-21 19:00:00
vpn,2024-08-16 19:00:00
vpn,2024-05-05 23:00:00
vpn,2024-07-24 14:00:00
onboarding,2024-10-03 06:00:00
vpn,2024-03-12 16:00:00
aws,2024-04-29 23:00:00
sql,2024-10-22 19:00:00
sql,2024-05-01 09:00:00
react,2024-12-04 16:00:00
onboarding,2024-07-30 09:00:00
tax,2024-02-01 17:00:00
backup,2024-11-16 21:00:00
insurance,2024-10-11 15:00:00
vpn,2024-06-25 20:00:00
review,2024-09-25 10:00:00
insurance,2024-07-28 04:00:00
aws,2024-07-11 05:00:00
linux,2024-05-03 07:00:00
aws,2024-12-28 04:00:00
kubernetes,2024-01-30 17:00:00
insurance,2024-08-01 17:00:00
react,2024-07-17 07:00:00
tax,2024-04-14 10:00:00
leave,2024-08-18 11:00:00
leave,2024-10-01 23:00:00
security,2024-01-27 08:00:00
review,2024-12-10 19:00:00
vpn,2024-02-07 06:00:00
security,2024-09-02 06:00:00
sql,2024-06-04 00:00:00
security,2024-04-07 23:00:00
docker,2025-01-17 15:00:00
onboarding,2024-12-22 19:00:00
security,2024-07-22 07:00:00
sql,2025-02-01 09:00:00
review,2024-08-26 17:00:00
policy,2024-06-06 08:00:00
policy,2024-09-19 15:00:00
kubernetes,2024-02-20 23:00:00
linux,2025-01-24 10:00:00
security,2024-07-08 10:00:00
insurance,2024-01-24 18:00:00
onboarding,2025-01-14 04:00:00
python,2024-05-13 17:00:00
insurance,2024-05-31 04:00:00
security,2024-06-17 07:00:00
review,2024-10-18 07:00:00
linux,2024-10-08 20:00:00
sql,2024-05-11 15:00:00
linux,2024-08-23 05:00:00
policy,2024-03-27 04:00:00
linux,2024-04-04 17:00:00
vpn,2024-09-25 01:00:00
leave,2024-12-08 01:00:00
python,2024-07-30 04:00:00
onboarding,2024-02-04 22:00:00
react,2024-01-05 06:00:00
kubernetes,2024-07-10 01:00:00
linux,2024-12-03 15:00:00
python,2024-01-04 17:00:00
insurance,2024-01-07 00:00:00
tax,2024-10-01 09:00:00
python,2024-09-14 22:00:00
insurance,2024-04-01 03:00:00
docker,2024-09-25 04:00:00
onboarding,2024-04-08 19:00:00
tax,2024-06-30 08:00:00
review,2024-02-10 11:00:00
review,2024-08-23 18:00:00
onboarding,2024-12-22 07:00:00
aws,2024-12-16 02:00:00
vpn,2024-02-17 12:00:00
review,2024-07-12 17:00:00
linux,2024-01-29 20:00:00
python,2024-12-25 05:00:00
leave,2024-09-12 13:00:00
sql,2024-10-16 03:00:00
vpn,2024-04-27 06:00:00
linux,2024-05-18 01:00:00
leave,2024-12-16 08:00:00
vpn,2024-04-01 10:00:00
python,2024-04-16 18:00:00
react,2025-01-20 22:00:00
review,2024-02-09 09:00:00
backup,2024-10-15 07:00:00
review,2024-12-12 17:00:00
sql,2024-07-15 23:00:00
react,2024-12-18 23:00:00
leave,2024-09-13 23:00:00
policy,2024-01-28 03:00:00
insurance,2024-04-28 02:00:00
sql,2024-11-05 19:00:00
review,2025-01-31 10:00:00
python,2024-11-20 08:00:00
kubernetes,2024-09-08 07:00:00
policy,2024-10-10 12:00:00
insurance,2024-04-05 21:00:00
review,2024-02-13 19:00:00
aws,2024-05-06 22:00:00
leave,2024-02-12 08:00:00
react,2024-07-13 22:00:00
react,2025-01-13 12:00:00
sql,2024-07-03 03:00:00
leave,2024-01-03 09:00:00
kubernetes,2024-07-03 08:00:00
docker,2024-03-08 02:00:00
backup,2024-08-08 14:00:00
insurance,2024-02-22 00:00:00
leave,2024-06-30 17:00:00
leave,2024-11-01 19:00:00
sql,2024-07-16 00:00:00
aws,2024-07-30 12:00:00
leave,2025-01-06 17:00:00
onboarding,2024-10-19 16:00:00
backup,2024-12-16 12:00:00
backup,2024-03-12 08:00:00
aws,2024-05-17 15:00:00
react,2024-02-02 05:00:00
insurance,2024-05-21 13:00:00
aws,2024-09-04 02:00:00
policy,2024-05-08 07:00:00
linux,2024-10-31 19:00:00
security,2024-08-22 03:00:00
react,2024-06-04 00:00:00
review,2024-06-19 19:00:00
review,2024-06-17 14:00:00
sql,2024-08-08 20:00:00
react,2024-06-02 10:00:00
security,2024-09-02 10:00:00
backup,2024-07-22 10:00:00
aws,2025-01-11 22:00:00
linux,2024-10-21 07:00:00
sql,2024-07-11 08:00:00
review,2024-07-05 03:00:00
security,2024-10-30 17:00:00
backup,2024-12-15 17:00:00
python,2025-01-07 14:00:00
security,2024-08-12 09:00:00
leave,2024-07-28 21:00:00
linux,2024-03-12 20:00:00
aws,2024-05-03 08:00:00
react,2025-01-01 13:00:00
review,2024-02-07 14:00:00
linux,2024-10-25 12:00:00
insurance,2024-10-05 01:00:00
policy,2024-12-25 17:00:00
leave,2024-02-25 07:00:00
policy,2024-03-26 20:00:00
vpn,2024-10-15 20:00:00
review,2025-01-20 10:00:00
insurance,2024-02-24 00:00:00
docker,2024-05-12 07:00:00
onboarding,2024-08-16 11:00:00
review,2024-08-25 21:00:00
react,2024-06-25 00:00:00
linux,2024-02-23 09:00:00
insurance,2024-02-13 03:00:00
react,2024-06-27 09:00:00
sql,2024-08-21 06:00:00
linux,2024-06-27 15:00:00
docker,2024-08-12 23:00:00
kubernetes,2024-06-12 02:00:00
aws,2024-01-23 22:00:00
docker,2024-01-12 10:00:00
docker,2024-12-12 05:00:00
onboarding,2024-09-21 05:00:00
backup,2024-06-18 17:00:00
insurance,2024-08-24 07:00:00
review,2024-11-18 05:00:00
backup,2024-11-23 21:00:00
insurance,2024-07-21 00:00:00
security,2024-08-18 18:00:00
insurance,2024-07-18 00:00:00
security,2024-04-15 08:00:00
leave,2024-10-22 03:00:00
backup,2024-07-06 10:00:00
security,2024-08-22 03:00:00
tax,2024-12-09 15:00:00
sql,2024-11-01 12:00:00
review,2024-10-27 03:00:00
policy,2024-06-29 14:00:00
backup,2024-12-10 22:00:00
aws,2024-11-10 18:00:00
leave,2024-12-10 04:00:00
sql,2024-03-01 07:00:00
aws,2024-02-29 05:00:00
policy,2024-12-21 04:00:00
review,2024-08-02 19:00:00
react,2024-10-21 12:00:00
insurance,2024-04-05 15:00:00
backup,2024-10-11 05:00:00
linux,2024-05-27 04:00:00
backup,2024-06-10 14:00:00
vpn,2024-07-02 00:00:00
linux,2024-03-10 06:00:00
review,2024-10-14 16:00:00
linux,2024-07-28 21:00:00
linux,2024-07-31 22:00:00
kubernetes,2024-09-07 05:00:00
leave,2024-10-16 00:00:00
onboarding,2024-05-29 01:00:00
tax,2024-04-25 17:00:00
aws,2024-03-27 14:00:00
linux,2024-10-08 16:00:00
docker,2024-10-20 03:00:00
tax,2025-01-31 17:00:00
policy,2024-10-04 01:00:00
kubernetes,2024-10-06 06:00:00
insurance,2024-02-22 23:00:00
onboarding,2024-06-01 01:00:00
kubernetes,2024-05-14 11:00:00
leave,2024-08-12 03:00:00
onboarding,2024-04-17 23:00:00
policy,2024-12-29 19:00:00
insurance,2024-03-25 19:00:00
react,2024-04-15 06:00:00
vpn,2024-10-18 11:00:00
tax,2024-11-01 17:00:00
backup,2024-06-14 22:00:00
aws,2024-05-28 18:00:00
tax,2024-09-20 21:00:00
docker,2024-03-10 13:00:00
